1,1,Salt,mL
2,1,Pepper,mL
3,1,Flour (plain),g
4,1,Flour (SR),g
5,1,Baking Powder,g
6,1,Baking Soda,g
7,1,Cocoa,g
8,1,Sugar (Caster),g
9,1,Sugar (brown),g
10,1,Sugar (raw),g
11,1,Icing Sugar,g
12,1,Rolled Oats,g
13,1,Cornflour,g
14,1,Rice,g
15,1,Breadcrumbs,g
16,1,Coconut,g
17,2,Thyme (Fresh),g
18,2,Basil (Fresh),g
19,2,Parsley (Fresh),g
20,2,Coriander (Fresh),g
21,2,Garlic (Fresh),g
22,2,Ginger (Fresh),g
23,3,Nutmeg (ground),mL
24,3,Ginger (ground,mL
25,3,Oregano (dried),mL
26,3,Basil (dried),mL
27,3,Thyme (dried),mL
28,3,Coriander (dried),mL
29,3,Curry Powder,mL
30,3,Cinnamon,mL
31,3,Cumin,mL
32,3,Sage,mL
33,3,Parsley (dried),mL
34,3,Cayenne Pepper,mL
35,3,Paprika,mL
36,3,Mixed Herbs,mL
37,3,Chilli Powder/Flakes,mL
38,4,Eggs,-
39,5,Puff,sheet/s
40,5,Flaky,sheet/s
41,5,Short Sweet,sheet/s
42,5,Savoury,sheet/s
43,5,Filo,sheet/s
44,6,Bacon,g
45,6,Chicken Breast,g
46,6,Ham,g
47,6,Sausages Beef/Pork,g
48,6,Beef,g
49,6,Mince Beef,g
50,6,Mince Pork,g
51,6,Mince Chicken,g
52,7,Mixed berries,g
53,7,Blueberries,g
54,7,Raspberries,g
55,7,Peas,g
56,7,Beans,g
57,7,Corn,g
58,8,Lemons,-
59,8,Potatoes,-
60,8,Carrots,-
61,8,Onions,-
62,8,Tomatoes,-
63,8,Cucumber,-
64,8,Capsicum,-
65,8,Spring Onion,-
66,8,Spinach,-
67,8,Lettuce,-
68,8,Mixed Salad,g
69,9,Spaghetti,g
70,9,Penne,g
71,9,Spirals,g
72,9,Bows,g
73,9,Fettucine,g
74,9,Angel Hair,g
75,10,Soy,mL
76,10,Worcestershire,mL
77,10,White Vinegar,mL
78,10,Mustard,g
79,10,Balsamic,mL
80,10,Mayonnaise,g
81,10,Teriyaki,mL
82,10,BBQ sauce,g
83,10,Tomato Sauce,g
84,10,Sweet Chilli sauce,g
85,10,Crushed Garlic,g
86,10,Crushed Ginger,g
87,11,Olive Oil/ Canola/Vegetable,mL
88,11,Corn Kernels,-
89,11,Creamed Corn,-
90,11,Apples,-
91,11,Peaches,-
92,11,Apricots,-
93,11,Jam (specify),-
94,11,Pineapple Rings,-
95,11,Pineapple pieces,-
96,11,Tomatoes,-
97,11,Tomato Paste,g
98,11,Olives,g
99,11,Chickpeas,g
100,11,Condensed milk,mL
101,11,Lemon Juice,mL
102,11,Lime Juice,mL
103,12,Butter,g
104,12,Milk,mL
105,12,Cheese Tasty,g
106,12,Mozzarella,g
107,12,Parmesan,g
108,12,Feta,g
109,12,Cream,g
110,12,Sour Cream,g
111,12,Cream Cheese,g
112,12,Yogurt,g
113,13,Golden Syrup,g
114,13,Choc Chips,g
115,13,Choc melts,g
116,13,Chocolate Bar,g
117,13,Almonds,g
118,13,Walnuts,g
119,13,Food Colouring,mL
120,13,Vanilla Essence,mL
121,13,Spray Oil,-
122,13,Muffin Cases,-
123,14,Muffin Tins,-
124,14,Electric Beater,-
125,14,Pie Maker,-
126,14,Waffle Maker,-
127,14,Food Processor,-
128,14,Quiche Tins,-
